{"modelling":{"id":"e5b5a941d6385790a01a952f5338e7d2fc5364ee","trg_seq":"AEVQLLESGGGLVQPGGSLRLSCAASGFTFSYYGMGWVRQAPGKGLEWVSGISYSGSGTYYADSVKGRFTISRDNSKNTLYLQMNSLRAEDTAVYYCARDYVG--NLDYWGQGTLVTVSSGGGGSGGG---GSGGGGSDIQMTQSPSSLSASVGDRVTITCRASQSISSYLNWYQQKPGKAPKLLIYAASSLQSGVPSRFSGSGSGTDFTLTISSLQPEDFATYYCQQS-DTPSTFGQGTKLEIKRTDYKDHDGDYK","tpl_seq":"-EVQLLESGGGLVQPGGSLRLSCAASGFTFSSYAMSWVRQAPGCGLEWVSAISGSGGSTYYADSVKGRFTISRDNSKNTLYLQMNSLRAEDTAVYYCAKYDGIYGELDFWGQGTLVTVSSGGGSGGSGGCPPCGGSGGDIQMTQSPSSLSASVGDRVTITCRASQSISSYLNWYQQKPGKAPKLLIYAASSLQSGVPSRFSGSGSGTDFTLTISSLQPEDFATYYCQQSYSTPLTFGCGTKVEIKRG----------","pdb_id":"8dy0","chain":"A","method":"X-RAY DIFFRACTION","short_method":"X-ray","coverage":0.9561753273010254,"resolution":2.0999999046325684,"description":"spFv GLK1 HL","seq_sim":0.5672218203544617,"assembly_id":1,"score":1.9763070344924927,"pred_lddt":0.8275272846221924,"seq_id":88.75,"found_by":"HHblits","oligo_state":"monomer","comment":"e_value=3.7e-25, p_value=2.4e-29, score=180.9, ss_score=29, prob=99.9, gmqe_dist_const=0.8123682141304016, gmqe_reduced=-0.25580742955207825, gmqe_cb_packing=-0.06225760653614998, gmqe_torsion=-0.595583438873291, gmqe_ss_agreement=0.7644469141960144, gmqe_coverage=0.9482071995735168, gmqe_seq_id=89.07563018798828, gmqe_seq_sim=0.5689075589179993, gmqe_n_insertions=0, gmqe_n_deletions=3, gmqe_seqres_length=251, gmqe_seqres_coverage=0.9561752988047809, gmqe_profile_aln_score=180.9, gmqe_avg_entropy=2.2213568687438965","offset":0,"afdb_struct_serve_idx":null,"starttime":"05-05-23 (16:17:05)","QMean":{"global_scores":{"qmean4_norm_score":0.8011166562822402,"qmean4_z_score":0.5389782801920041,"qmean6_norm_score":0.8079158977131765,"qmean6_z_score":0.5825365917408118,"interaction_norm_score":-0.025505116650102928,"interaction_z_score":0.27962341147026937,"cbeta_norm_score":-0.0110617663049503,"cbeta_z_score":-0.6076915493927545,"packing_norm_score":-0.21551032435000256,"packing_z_score":-2.5566410259003884,"torsion_norm_score":-0.5176143794416044,"torsion_z_score":1.6211604433236249,"ss_agreement_norm_score":0.7696177405657387,"ss_agreement_z_score":0.8761373202077902,"acc_agreement_norm_score":0.5966386554621849,"acc_agreement_z_score":-0.7757126072169499,"avg_local_score":0.8241698033405199,"avg_local_score_error":0.051},"local_scores":{"A":[null,0.7518600768295728,0.8041626501662893,0.8160543880541186,0.8808024034816143,0.8733514165140975,0.870429258151656,0.9024484800210845,0.8964560172147643,0.8704114874845506,0.8864535904158797,0.8578550100255579,0.870659199431108,0.7844838566433631,0.8314467869068354,0.8954650015276446,0.9156700127051431,0.9107649398373618,0.9026555881787016,0.8483381732494686,0.9101203654580712,0.9183073775715701,0.8968669749048238,0.8918328869983736,0.8799571704885449,0.864394931067381,0.8678127841950205,0.7814006741483528,0.7123409808871286,0.7244048208220788,0.715629294681699,0.6114715630299489,0.7330145660946186,0.8055990268553053,0.8160641818001539,0.8919457947100954,0.9060445654321732,0.9279424618170523,0.863227122365689,0.8477872423748366,0.8104100017174013,0.7245691234296897,0.7301195587394873,0.7153828492789058,0.8200820868812027,0.8783544423868115,0.8354819378881704,0.8446809328613865,0.9002077935449311,0.8882379862069949,0.8712853556087866,0.8233007407045866,0.7711820864457061,0.6499944337181378,0.6927845667791195,0.7051251893215884,0.6667771191115488,0.8031268079036147,0.8269730993854354,0.8109436285158138,0.8393172488624756,0.8560966243665884,0.775523723754374,0.7765686069011877,0.8329006852438221,0.7693840620719532,0.8917837043646532,0.8175913589975228,0.889208394625,0.9060435587394663,0.8952204814030121,0.8898477234934709,0.7880967858077144,0.8293495191823503,0.7742057556199158,0.7802293949383654,0.766857428541764,0.8212278497975064,0.8668583201768195,0.8864057427589629,0.9061733504709112,0.9236858340167927,0.8748521574867517,0.8943367428971745,0.911996163187198,0.8737905225036294,0.8536964015658769,0.7200846137206303,0.7690317040566446,0.7216106043092139,0.8059144315036779,0.84164427416873,0.8870281674043782,0.9150988055970569,0.9166511854981899,0.9160184969735216,0.923797561525247,0.9171705567528305,0.8025815902226457,0.7665254177113094,0.5940242078430558,0.4995719325658314,0.5374924974474631,0.5702493208269679,0.7584954197358506,0.7996451281899011,0.8268067661115802,0.8608560066936873,0.9083283199062383,0.8562903793902614,0.9190420799712017,0.9020486371882722,0.8910546977308136,0.8944773558412131,0.8279661168772687,0.8218362655934358,0.7621933817911268,0.7137999823893217,0.6876203766258603,0.6730484310534247,0.4318559918151327,0.4431101623869656,0.4143016615975211,0.4583334589092932,0.4737908154199026,0.46005972863905686,0.4716486104895218,0.5115672508904245,0.5080521390230516,0.5086456700998612,0.5323751878428049,0.6496730121942526,0.6286422875158634,0.7179802748779548,0.8130838885045324,0.7695088165416322,0.8453054135969279,0.8662645555124155,0.8687622852725256,0.8928259757595844,0.9052058673822996,0.8806183905079266,0.8776643774596009,0.8515245088653659,0.8161117679120986,0.8699068641098244,0.8366239367326908,0.8662151879969346,0.8932537784376635,0.8702219044756692,0.8106677669340063,0.8973872835060384,0.9212027558178788,0.9203231074921343,0.9195484335520819,0.9294630136468423,0.8256263748572474,0.8974783378348082,0.8475616370125323,0.7615923222455415,0.8227324786847094,0.8094362492115585,0.8007850205863408,0.8232745978414175,0.8081621749855445,0.8665080718985517,0.8954048797735562,0.918930488260529,0.9352769397464621,0.9131675143828275,0.8926764019205808,0.8473380333377941,0.8144127869367879,0.8025400427045887,0.8104087717102162,0.9049599804196559,0.9292866392860254,0.8806488724183147,0.9017703219421623,0.9193413855856647,0.9042756113356821,0.8621277810602763,0.8656684135798125,0.8993130745525867,0.903688630454307,0.8747303633540721,0.8752446765689981,0.8169655435835924,0.8306676099212379,0.8788048638126575,0.890340370323704,0.9098534235029134,0.9026235973012433,0.855014690275721,0.915829373309935,0.9297090232746339,0.9404667098574943,0.9222300312759742,0.9285234795654578,0.8269395653979648,0.8474416791143511,0.8615915378757125,0.8873287433886321,0.9129834738937256,0.9293428491033933,0.9385027526202696,0.9272684039134769,0.9166615158244751,0.911838642597516,0.9018034935158268,0.894066050480422,0.8604914774828117,0.8945818829175088,0.8705076533539994,0.9056397688949039,0.8721972523149708,0.9236899710042807,0.9251417579935468,0.9433617953932485,0.936669829273615,0.9382627224719224,0.878715881878104,0.8262719951341067,0.7997581080097752,0.5558702100917037,0.6600791569182074,0.7528571726454172,0.8229038924044657,0.8331752838762531,0.8895445539668103,0.9257328958262312,0.8288870672062767,0.9474054027072251,0.9277413107787429,0.8782256385487882,0.8930526439431108,0.8157770587716906,0.741775881739488,0.6769967815955786,null,null,null,null,null,null,null,null,null,null,null,null]},"qmean_version":"4.3.1"},"title":"Modelling","endtime":"05-05-23 (16:17:12)","mod_engine":["ProMod3"],"ProMod3":{"version":"3.3.0"},"ProMod":null,"MODELLER":null,"SPDBV":null}}