{"modelling":{"id":"e9ad37a7462c50ea221a7dc7cbb44fe18ce25dc1","trg_seq":"MPLLLLLPLLWAGALAEVQLLESGGGLVQPGGSLRLSCAASGFTFSYYGMGWVRQAPGKGLEWVSGISYSGSGTYYADSVKGRFTISRDNSKNTLYLQMNSLRAEDTAVYYCARDYVG--NLDYWGQGTLVTVSSGGGGSGGG---GSGGGGSDIQMTQSPSSLSASVGDRVTITCRASQSISSYLNWYQQKPGKAPKLLIYAASSLQSGVPSRFSGSGSGTDFTLTISSLQPEDFATYYCQQSD-TPSTFGQGTKLEIKRTDYKDHDGDYK","tpl_seq":"-------------------LLESGGGLVQPGGSLRLSCAASGFTFSSYAMSWVRQAPGCGLEWVSAISGSGGSTYYADSVKGRFTISRDNSKNTLYLQMNSLRAEDTAVYYCAKYDGIYGELDFWGQGTLVTVSSGGGSGGSGGCPPCGGSGGDIQMTQSPSSLSASVGDRVTITCRASQSISSYLNWYQQKPGKAPKLLIYAASSLQSGVPSRFSGSGSGTDFTLTISSLQPEDFATYYCQQSYSTPLTFGCGTKVEIKRG----------","pdb_id":"8dy0","chain":"A","method":"X-RAY DIFFRACTION","short_method":"X-ray","coverage":0.8909774422645569,"resolution":2.0999999046325684,"description":"spFv GLK1 HL","seq_sim":0.5662442445755005,"assembly_id":1,"score":1.8392473459243774,"pred_lddt":0.7847304344177246,"seq_id":88.60759735107422,"found_by":"HHblits","oligo_state":"monomer","comment":"e_value=1.5e-24, p_value=9.5e-29, score=178.4, ss_score=28.6, prob=99.9, gmqe_dist_const=0.8520917296409607, gmqe_reduced=-0.2337018996477127, gmqe_cb_packing=-0.05699862167239189, gmqe_torsion=-0.5978550314903259, gmqe_ss_agreement=0.7519521713256836, gmqe_coverage=0.88345867395401, gmqe_seq_id=88.93617248535156, gmqe_seq_sim=0.567943274974823, gmqe_n_insertions=0, gmqe_n_deletions=3, gmqe_seqres_length=266, gmqe_seqres_coverage=0.8909774436090225, gmqe_profile_aln_score=178.4, gmqe_avg_entropy=2.286696195602417","offset":3,"afdb_struct_serve_idx":null,"starttime":"06-05-23 (07:05:03)","QMean":{"global_scores":{"qmean4_norm_score":0.8025163513117229,"qmean4_z_score":0.5839106046879977,"qmean6_norm_score":0.8083016593257661,"qmean6_z_score":0.592367034105873,"interaction_norm_score":-0.024676051374030686,"interaction_z_score":0.07171225352133233,"cbeta_norm_score":-0.010726514337790271,"cbeta_z_score":-0.6877176961773716,"packing_norm_score":-0.19889117618230112,"packing_z_score":-2.784250339146483,"torsion_norm_score":-0.535835434525431,"torsion_z_score":1.7953137768757372,"ss_agreement_norm_score":0.7255791020678714,"ss_agreement_z_score":0.5221913273202876,"acc_agreement_norm_score":0.6170212765957447,"acc_agreement_z_score":-0.5854749170355609,"avg_local_score":0.836350057373922,"avg_local_score_error":0.054},"local_scores":{"A":[null,null,null,null,null,null,null,null,null,null,null,null,null,null,null,null,null,null,null,0.8640274828375989,0.8593605158225146,0.8670461592896948,0.8957382334358202,0.8897307665496641,0.8654839817023933,0.8821388933052032,0.8681290759782343,0.8890182027598673,0.8401405175724136,0.8926295865943217,0.9118781975185726,0.9136647332064873,0.9072773377585817,0.8985445133059302,0.8443459136176507,0.9104669926584088,0.9187983501416084,0.9008327589225091,0.8913163636784559,0.8820630217122758,0.8704987563484335,0.8489144277138276,0.758391306350651,0.6987186571285762,0.7154667291346749,0.7103867619854392,0.6196931419287554,0.7421277948737697,0.8155137526216494,0.8245796161220136,0.8973479623548424,0.9091276059215803,0.9290176563220265,0.8713293775935045,0.8650169386534844,0.8632246770907719,0.7972244468624512,0.7661213078892362,0.7473393517013469,0.8190455726302883,0.8653588090038543,0.8455962492623333,0.8489093731592138,0.8952551882993711,0.8926628829926936,0.8716785400337995,0.828815703679484,0.7765804194686599,0.6663741692553637,0.700204893258529,0.7047991059372182,0.6601652667484841,0.830799954689911,0.8341374114088704,0.8125654787926085,0.8469383417680005,0.8611196273075025,0.7900632793375499,0.7752980899701866,0.8319647568003554,0.7774273546663408,0.8922295611378789,0.814554248412594,0.8845165306063277,0.9019359657957609,0.8922094548025203,0.8888949088895322,0.7936568570005468,0.8292207729175625,0.7788845632761618,0.78284491334351,0.7646243034729229,0.8238452960343847,0.8722160271849849,0.8879344508871821,0.9039745102676942,0.9222840241494434,0.8692068541713767,0.8904963194097045,0.9086560575300615,0.895903555313645,0.8781315487936272,0.775706326171215,0.834345496188567,0.7705054753561217,0.8482218312101324,0.8758426905038942,0.8995779441712471,0.9108841086137294,0.9171460060226987,0.916524917569463,0.9245719819396532,0.9169446123182535,0.8045163906701854,0.7707136391258034,0.5997641542354863,0.4991053814186108,0.5374821465508373,0.6069823301309382,0.7474695303841541,0.7981185121811876,0.827922729077922,0.8647011051522117,0.9076299847440821,0.856031083315563,0.9130662303024027,0.9011984796195475,0.8884133877855178,0.8969262409720571,0.8771362158692699,0.8678648861181462,0.8399560700070653,0.7828999676790919,0.76214740161668,0.7456103587282408,0.7680037511532869,0.8157476300862371,0.7564586700057706,0.7870736262601074,0.819387424561377,0.6632335324027716,0.46266030317969,0.46432543523065956,0.47084860283683855,0.4309128747725257,0.6108881662030023,0.6449800224459433,0.6739860272208424,0.7145970079703782,0.7979201068398304,0.7620530142867669,0.8327901570830795,0.8650447096541848,0.869597732880829,0.8902021133260776,0.9019666024562744,0.8778776237995917,0.8759535823749338,0.8485458970355323,0.8139526990404641,0.8670467321664163,0.8362725802870227,0.8642423195010042,0.892093907310377,0.8686060523095525,0.8129394409420115,0.8991130994362765,0.9192871450238878,0.9210351273812085,0.9193489944350892,0.9254494977924312,0.8283005032193967,0.8955546026170995,0.8505994812394619,0.7706904266265874,0.8260706732897075,0.8064913244308407,0.7974617052962588,0.8191917224651533,0.8107133315689907,0.8659759469006392,0.8914284095076815,0.9212753236072069,0.9365596739539592,0.9148782618594483,0.8914517966207232,0.8427044578109426,0.8074699318842873,0.7944805610110373,0.8058203478711098,0.9045714271013978,0.93049677734074,0.8853805258796899,0.9038385091319103,0.9187574633557423,0.9026383950698669,0.8611611462477683,0.8646106782806123,0.897854119730323,0.901993708690312,0.8769721367671565,0.8765447206140526,0.819877481706405,0.837216087330889,0.8839247030850033,0.8886107116148758,0.9073803905715985,0.9004911541070619,0.8520270472861258,0.915146433152298,0.9291203318478259,0.9364097533003529,0.9193502964536506,0.9228485167235594,0.8237041090939561,0.8438949157195237,0.8617326122400293,0.8844905349233313,0.9093702948605609,0.9273561989414709,0.9381595283754594,0.9271875961495913,0.9161121449185523,0.9122325762327419,0.9018042886952843,0.8930321638255381,0.8558910692270805,0.8886249511649014,0.8637795889910045,0.9023719282527809,0.8694016631965495,0.9224179916564338,0.922063012408914,0.9411108537580397,0.9355605404451098,0.935139038288762,0.875320949774586,0.827606256490834,0.8105452930641367,0.5858778473832627,0.623924524010215,0.7358436137756128,0.808630021993604,0.8201227076046393,0.8743147240446256,0.9162714407729041,0.8229288782702653,0.9448755513510084,0.925692316686115,0.8776062549154428,0.8928880408399199,0.8164847779503539,0.7385147991999422,0.6700140019332114,null,null,null,null,null,null,null,null,null,null,null,null]},"qmean_version":"4.3.1"},"title":"Modelling","endtime":"06-05-23 (07:05:27)","mod_engine":["ProMod3"],"ProMod3":{"version":"3.3.0"},"ProMod":null,"MODELLER":null,"SPDBV":null}}